<?xml version="1.0" encoding="UTF-8"?>
<!DOCTYPE mapper PUBLIC "-//mybatis.org//DTD Mapper 3.0//EN" "http://mybatis.org/dtd/mybatis-3-mapper.dtd">
<mapper namespace="com.example.dcloud.mapper.CourseManageMapper">

    <!-- 通用查询映射结果 -->
    <resultMap id="BaseResultMap" type="com.example.dcloud.entity.CourseManage">
        <id column="id" property="id" />
        <result column="name" property="name" />
        <result column="type" property="type" />
        <result column="description" property="description" />
        <result column="created_name" property="createdName" />
        <result column="created_time" property="createdTime" />
        <result column="is_deleted" property="isDeleted" />
    </resultMap>

    <!-- 通用查询结果列 -->
    <sql id="Base_Column_List">
        id, name, type, description, created_name, created_time, is_deleted
    </sql>

</mapper>
