<?xml version="1.0" encoding="UTF-8"?>
<!DOCTYPE mapper PUBLIC "-//mybatis.org//DTD Mapper 3.0//EN" "http://mybatis.org/dtd/mybatis-3-mapper.dtd">
<mapper namespace="com.example.dcloud.mapper.DictionaryMapper">

    <!-- 通用查询映射结果 -->
    <resultMap id="BaseResultMap" type="com.example.dcloud.entity.Dictionary">
        <id column="id" property="id" />
        <result column="code" property="code" />
        <result column="name" property="name" />
        <result column="is_delete" property="isDelete" />
        <result column="description" property="description" />
    </resultMap>

    <!-- 通用查询结果列 -->
    <sql id="Base_Column_List">
        id, code, name, is_delete, description
    </sql>

</mapper>
