<?xml version="1.0" encoding="UTF-8"?>
<!DOCTYPE mapper PUBLIC "-//mybatis.org//DTD Mapper 3.0//EN" "http://mybatis.org/dtd/mybatis-3-mapper.dtd">
<mapper namespace="com.example.dcloud.mapper.MenuMapper">

    <!-- 通用查询映射结果 -->
    <resultMap id="BaseResultMap" type="com.example.dcloud.entity.Menu">
        <id column="id" property="id" />
        <result column="parent_id" property="parentId" />
        <result column="name" property="name" />
        <result column="menu_order" property="menuOrder" />
        <result column="icon" property="icon" />
        <result column="url" property="url" />
        <result column="type" property="type" />
        <result column="is_menu" property="isMenu" />
        <result column="is_visible" property="isVisible" />
        <result column="is_page" property="isPage" />
        <result column="is_deleted" property="isDeleted" />
        <result column="menu_level" property="menuLevel" />
    </resultMap>

    <!-- 通用查询结果列 -->
    <sql id="Base_Column_List">
        id, parent_id, name, menu_order, icon, url, type, is_menu, is_visible, is_page, is_deleted
    </sql>
    <select id="getMenuTree" resultMap="BaseResultMap">
        SELECT * from menu m
    </select>

</mapper>
