<?xml version="1.0" encoding="UTF-8"?>
<!DOCTYPE mapper PUBLIC "-//mybatis.org//DTD Mapper 3.0//EN" "http://mybatis.org/dtd/mybatis-3-mapper.dtd">
<mapper namespace="com.example.dcloud.mapper.RoleMapper">

    <!-- 通用查询映射结果 -->
    <resultMap id="BaseResultMap" type="com.example.dcloud.entity.Role">
        <id column="id" property="id" />
        <result column="name" property="name" />
        <result column="is_student" property="isStudent" />
        <result column="description" property="description" />
        <result column="power_id" property="powerId" />
        <result column="state" property="state" />
        <result column="is_delete" property="isDelete" />
    </resultMap>

    <!-- 通用查询结果列 -->
    <sql id="Base_Column_List">
        id, name, is_student, description, power_id, state, is_delete
    </sql>

</mapper>
