<?xml version="1.0" encoding="UTF-8"?>
<!DOCTYPE mapper PUBLIC "-//mybatis.org//DTD Mapper 3.0//EN" "http://mybatis.org/dtd/mybatis-3-mapper.dtd">
<mapper namespace="com.example.dcloud.mapper.RolePowerMapper">

    <!-- 通用查询映射结果 -->
    <resultMap id="BaseResultMap" type="com.example.dcloud.entity.RolePower">
        <id column="id" property="id" />
        <result column="role_id" property="roleId" />
        <result column="power_id" property="powerId" />
        <result column="is_delete" property="isDelete" />
    </resultMap>

    <!-- 通用查询结果列 -->
    <sql id="Base_Column_List">
        id, role_id, power_id, is_delete
    </sql>

</mapper>
