<?xml version="1.0" encoding="UTF-8"?>
<!DOCTYPE mapper PUBLIC "-//mybatis.org//DTD Mapper 3.0//EN" "http://mybatis.org/dtd/mybatis-3-mapper.dtd">
<mapper namespace="com.example.dcloud.mapper.SchoolMapper">

    <!-- 通用查询映射结果 -->
    <resultMap id="BaseResultMap" type="com.example.dcloud.entity.School">
        <id column="id" property="id" />
        <result column="name" property="name" />
        <result column="parent_id" property="parentId" />
        <result column="is_delete" property="isDelete" />
        <result column="code" property="code" />
    </resultMap>

    <!-- 通用查询结果列 -->
    <sql id="Base_Column_List">
        id, name, parent_id, is_delete, code
    </sql>

</mapper>
